REMOVE THIS COLUMN (KEEP THIS ROW),node_id,url_alias,title,langcode,uuid,uid,changed,created,field_description,field_extent,file
LABEL (REMOVE THIS ROW),Node ID,URL alias,Title,Drupal language code,UUID,User ID,Changed,Created,Description,Extent,
NUMBER OF VALUES ALLOWED (REMOVE THIS ROW),1,1,1,1,1,1,1,1,1,unlimited,
,2946,/group/james-merrill-linn-bucknellian-war/april-7-1862,"April 7, 1862",en,7bc80bed-f75b-4e19-8ad6-b5ef7e2d430c,9,2026-03-04T19:35:06+00:00,2026-01-28T02:44:58+00:00,,,1862-04-07_0_0_0_0_0_0_0_0_0.xml
,2945,/group/james-merrill-linn-bucknellian-war/april-6-1862,"April 6, 1862",en,716bebc9-7461-4778-be23-ea09f7348a6e,9,2026-03-04T19:33:55+00:00,2026-01-28T02:43:57+00:00,,,1862-04-06_0_0_0_0_0_0_0_0_0_0_0_0_0_0_0_0_0_0_0_0.xml
,2944,/group/james-merrill-linn-bucknellian-war/april-4-1862,"April 4, 1862",en,309f7584-bc56-4b7d-99f2-b4d69f0a4228,9,2026-03-04T19:32:02+00:00,2026-01-28T02:43:01+00:00,,,1862-04-04_0_0_0_0_0_0_0_0_0_0.xml
,2974,/group/james-merrill-linn-bucknellian-war/june-3-1862,"June 3, 1862",en,e3a6165b-0c6b-4db7-9494-0e910624181f,9,2026-03-02T02:08:19+00:00,2026-01-28T03:12:19+00:00,,,1862-06-03_0_0_0_0_0_0_0.xml
,2943,/group/james-merrill-linn-bucknellian-war/april-3-1862,"April 3, 1862",en,b01091e4-5757-44c3-9e3a-1b0e4aad7a4c,9,2026-03-04T19:30:38+00:00,2026-01-28T02:42:03+00:00,,,1862-03-03_0_0_0_0_0_0_0_0_0_0_0_0_0_0_0_0_0.xml
,2942,/group/james-merrill-linn-bucknellian-war/april-2-1862,"April 2, 1862",en,9cf89c7f-88b6-40aa-8c88-65b7fdd30ade,9,2026-03-04T19:29:13+00:00,2026-01-28T02:41:15+00:00,,,1862-04-02_0_0_0_0_0_0_0_0_0_0_0_0.xml
,2912,/group/james-merrill-linn-bucknellian-war/february-20-1862,"February 20, 1862",en,5358af75-c45a-4975-84b7-1567d6b61287,9,2026-03-04T19:15:16+00:00,2026-01-28T02:16:07+00:00,,,1862-02-20_0_0_0_0_0_0_0_0_0_0_0_0_0_0_0_0.xml
,2911,/group/james-merrill-linn-bucknellian-war/february-19-1862,"February 19, 1862",en,37d96a7f-f06b-4081-8fc2-46cd0de9edaa,9,2026-03-04T19:13:15+00:00,2026-01-28T02:15:17+00:00,,,1862-02-19_0_0_0_0_0_0_0_0_0_0_1_0_0_0_0_0_0_0_0_0.xml
,2910,/group/james-merrill-linn-bucknellian-war/february-18-1862,"February 18, 1862",en,2c7040c0-8c43-4979-8b05-62b023ebec3e,9,2026-03-04T17:16:36+00:00,2026-01-28T02:14:25+00:00,,,1862-02-18_0_1_0_0_0_0_0_0_0_0_0_0_0_0_0.xml
,2905,/group/james-merrill-linn-bucknellian-war/february-12-1862,"February 12, 1862",en,28751f65-457b-4daa-8e7b-bff9ee1d716c,9,2026-03-04T18:42:07+00:00,2026-01-28T02:09:07+00:00,,,1862-02-12_0_0_0_0_0_0_1_0_0_0_0_0_0_0.xml
,2900,/group/james-merrill-linn-bucknellian-war/february-7-1862,"February 7, 1862",en,b4683a7a-35c1-4cf5-bd80-f0aa1491db50,9,2026-03-16T02:28:07+00:00,2026-01-28T02:04:05+00:00,,,1862-02-07_0_0_0_0_0_0_0_0_0_0_0_0_0_0_0_0_0_0_0_0_0_0_0_0_0_0_0.xml
,2897,/group/james-merrill-linn-bucknellian-war/february-4-1862,"February 4, 1862",en,090c6c5a-12e2-402e-934e-aed168191b6a,9,2026-03-02T16:29:38+00:00,2026-01-28T02:01:35+00:00,,,1862-02-04_0_0_0_0_0_0_0.xml
,2987,/group/james-merrill-linn-bucknellian-war/june-24-1862,"June 24, 1862",en,67f5823a-7319-4ce7-a45e-5f9c06cc11bc,9,2026-03-04T16:45:23+00:00,2026-01-28T03:23:18+00:00,,,1862-06-24_0_0_0_0_0_0_0_0.xml
,2890,/group/james-merrill-linn-bucknellian-war/january-28-1862,"January 28, 1862",en,907e863b-e4d9-47c4-a7f1-c6dcdc3175ad,9,2026-03-05T02:42:57+00:00,2026-01-28T01:55:26+00:00,,,1862-01-28_0_1_0_0_0_0.xml
,2882,/group/james-merrill-linn-bucknellian-war/january-20-1862,"January 20, 1862",en,dada06bd-0b51-42e8-84c9-7ff6daf9ffec,9,2026-03-18T14:49:58+00:00,2026-01-28T01:47:58+00:00,,,1862-01-20_0_0_0_0_1_0_0_0_0_0.xml
,2896,/group/james-merrill-linn-bucknellian-war/february-3-1862,"February 3, 1862",en,f7991623-68c4-4563-a184-168e756109db,9,2026-03-02T16:27:51+00:00,2026-01-28T02:00:46+00:00,,,1862-02-03_0_0_0_0_0.xml
,2871,/group/james-merrill-linn-bucknellian-war/january-8-1862,"January 8, 1862",en,57d5b5bd-b4e2-48f4-bc32-18800c52897b,9,2026-03-02T16:19:53+00:00,2026-01-28T01:31:22+00:00,,,1862-01-08_0_0_0_0_0_0_0_0_0_0_0_0_0_0_0.xml
,2889,/group/james-merrill-linn-bucknellian-war/january-27-1862,"January 27, 1862",en,7713355b-0a7f-4b60-859a-e5c57bb46f32,9,2026-03-20T15:05:06+00:00,2026-01-28T01:54:31+00:00,,,1862-01-27_0_0_0_0_0_0_0_0_0_0.xml
,2941,/group/james-merrill-linn-bucknellian-war/april-1-1862,"April 1, 1862",en,00c2b1d5-9809-4775-bd1c-7e0cd11b1cfa,9,2026-03-04T19:27:54+00:00,2026-01-28T02:40:21+00:00,,,1862-04-01_0_0_0_0_0_0_0_0_0_0_0_0_0_0_0.xml
,2895,/group/james-merrill-linn-bucknellian-war/february-2-1862,"February 2, 1862",en,593a45dd-52a4-4a6b-933b-936fdd57ec29,9,2026-03-02T16:26:28+00:00,2026-01-28T02:00:00+00:00,,,1862-02-02_0_0_0_0_0_0.xml
,2938,/group/james-merrill-linn-bucknellian-war/march-29-1862,"March 29, 1862",en,e52ed187-cf12-4f51-a75e-a61b854997ae,9,2026-03-04T19:39:14+00:00,2026-01-28T02:37:49+00:00,,,1862-03-29_0_0_0_0_0_0_0_0_0_0.xml
,2870,/group/james-merrill-linn-bucknellian-war/january-7-1862,"January 7, 1862",en,935fcd41-b452-4c5b-ab1c-38cc31b48a10,9,2026-03-18T00:54:15+00:00,2026-01-28T01:29:48+00:00,,,1862-01-07_0_0_0_0_0_0_0_0_0_0_0_0_0_0_0_0_0_1_0_0_0.xml
,2921,/group/james-merrill-linn-bucknellian-war/march-1-1862,"March 1, 1862",en,e4df13ab-cb94-4126-8fbe-24707dfe1754,9,2026-03-08T16:34:34+00:00,2026-01-28T02:23:41+00:00,,,1862-03-01_0_0_0_0_0_0_0_0_0_0_0_0_0_0_0_0_0.xml
,2953,/group/james-merrill-linn-bucknellian-war/april-18-1862,"April 18, 1862",en,cdad2605-e960-47e2-b70c-f68adb48866a,9,2026-03-18T21:32:29+00:00,2026-01-28T02:51:25+00:00,,,1862-04-18_0_0_0_0_0_0_0_0_0_0_0_1_0.xml
,2888,/group/james-merrill-linn-bucknellian-war/january-26-1862,"January 26, 1862",en,88393373-a534-4af1-9b94-1e31aafe0bdd,9,2026-03-05T01:51:31+00:00,2026-01-28T01:53:40+00:00,,,1862-01-26_0_0_0_0_0_0_0_0_0_0_0_0.xml
,2939,/group/james-merrill-linn-bucknellian-war/march-30-1862,"March 30, 1862",en,52b10eb2-d8c3-4d15-862a-f7a895c4d637,9,2026-03-04T19:38:06+00:00,2026-01-28T02:38:43+00:00,,,1862-03-30_0_0_0_0_0_0_0_0_0_0.xml
,2894,/group/james-merrill-linn-bucknellian-war/february-1-1862,"February 1, 1862",en,de264b21-b159-40cf-9f22-ed806eaf948b,9,2026-03-08T17:27:55+00:00,2026-01-28T01:59:17+00:00,,,1862-02-01_0_0_0_0_0_0_0_0_0.xml
,2920,/group/james-merrill-linn-bucknellian-war/february-28-1862,"February 28, 1862",en,ec9ee537-1b1f-4f59-a79c-3f69e2ddaf0f,9,2026-03-04T16:30:22+00:00,2026-01-28T02:22:54+00:00,,,1862-02-28_0_0_0_0_0_0_0_0_0_0_0_0_0_0_0_0.xml
,2904,/group/james-merrill-linn-bucknellian-war/february-11-1862,"February 11, 1862",en,2747e351-e8ef-494f-ab9b-e9b4cba4b54c,9,2026-03-22T15:53:18+00:00,2026-01-28T02:08:09+00:00,,,1862-02-11_0_0_0_0_0_0_0_0_0_0_0_0_0_0_0_1_0.xml
,2979,/group/james-merrill-linn-bucknellian-war/june-9-1862,"June 9, 1862",en,b56b1155-1583-40a0-9f94-0257bfd96d54,9,2026-03-02T00:06:55+00:00,2026-01-28T03:16:43+00:00,,,1862-06-09_0_0_0_0.xml
,2940,/group/james-merrill-linn-bucknellian-war/march-31-1862,"March 31, 1862",en,989cecd3-84d2-4a32-8471-d350d47d3565,9,2026-03-02T16:16:53+00:00,2026-01-28T02:39:34+00:00,,,1862-03-31_0_0_0_0_0_0_0_0_0_0_0.xml
,2978,/group/james-merrill-linn-bucknellian-war/june-8-1862,"June 8, 1862",en,6df4330a-26bf-41cd-92d4-7c29710f9227,9,2026-03-02T00:03:23+00:00,2026-01-28T03:15:43+00:00,,,1862-06-08_0_0_0_0.xml
,2893,/group/james-merrill-linn-bucknellian-war/january-31-1862,"January 31, 1862",en,283ecd99-fdb8-4020-a643-8635608dbf43,9,2026-03-02T16:40:55+00:00,2026-01-28T01:58:31+00:00,,,1862-01-31_0_0_0_0_0_0.xml
,2919,/group/james-merrill-linn-bucknellian-war/february-27-1862,"February 27, 1862",en,69e5ba67-9626-46aa-8683-c79826ddf4b9,9,2026-03-04T16:27:52+00:00,2026-01-28T02:22:08+00:00,,,1862-02-27_0_0_0_0_0_1_0_0_0_1_0_0_0.xml
,2977,/group/james-merrill-linn-bucknellian-war/june-7-1862,"June 7, 1862",en,7c9e0090-2eb6-4a8f-8bf3-57937eec9a1e,9,2026-03-18T14:33:40+00:00,2026-01-28T03:14:52+00:00,,,1862-06-07_0_0_0_0_0_0_0_0_0_0_1.xml
,2937,/group/james-merrill-linn-bucknellian-war/march-28-1862,"March 28, 1862",en,81846761-6667-4738-aa6b-7ab7c79c34fc,9,2026-03-04T19:40:51+00:00,2026-01-28T02:37:01+00:00,,,1862-03-28_0_0_0_0.xml
,2936,/group/james-merrill-linn-bucknellian-war/march-27-1862,"March 27, 1862",en,d0aba595-3a0d-4b36-a2ab-1f9e4c374899,9,2026-03-04T21:26:02+00:00,2026-01-28T02:36:01+00:00,,,1862-03-27_0_0_0_0_0_0_0_0_0_0_0_0_0_0_0.xml
,2913,/group/james-merrill-linn-bucknellian-war/february-21-1862,"February 21, 1862",en,df0e2b53-f537-4bce-82a5-fe93002788d2,9,2026-03-04T19:16:44+00:00,2026-01-28T02:16:59+00:00,,,1862-02-21_0_0_0_0_0_0_0_0_0_0_0_0_0_0.xml
,2935,/group/james-merrill-linn-bucknellian-war/march-26-1862,"March 26, 1862",en,29477677-2a1a-4ddf-a108-ad50fd97190e,9,2026-03-04T21:27:19+00:00,2026-01-28T02:34:57+00:00,,,1862-03-26_0_0_0_0_0_0_0.xml
,2909,/group/james-merrill-linn-bucknellian-war/february-17-1862,"February 17, 1862",en,5260373a-680e-4af9-bc8d-c185134b9005,9,2026-03-04T18:47:42+00:00,2026-01-28T02:13:38+00:00,,,1862-02-17_0_0_0_0_0_0_0_0_0_0_0_0_0.xml
,2852,/group/james-merrill-linn-bucknellian-war/december-16-1861,"December 16, 1861",en,40d0fe09-b0b8-4dc7-b1af-22edb3c7d3d0,9,2026-03-08T17:47:43+00:00,2026-01-28T01:04:14+00:00,,,1861-12-16_0_3_0_0_0_0_0_0_0_0_0_0_0_0_0_0_0.xml
,2915,/group/james-merrill-linn-bucknellian-war/february-23-1862,"February 23, 1862",en,7391af61-1b21-4500-9da7-17d9a2e7ca17,9,2026-03-04T19:19:00+00:00,2026-01-28T02:18:43+00:00,,,1862-02-23_0_0_0_0_0_0_0.xml
,2917,/group/james-merrill-linn-bucknellian-war/february-25-1862,"February 25, 1862",en,73b7d393-cc50-41d1-b20f-df283c87ebab,9,2026-03-04T19:21:19+00:00,2026-01-28T02:20:24+00:00,,,1862-02-25_0_0_0_0_0_0_0_0_0.xml
,2901,/group/james-merrill-linn-bucknellian-war/february-8-1862,"February 8, 1862",en,c3520ded-e313-4069-aaab-25f0d1bd67bb,9,2026-03-17T21:09:44+00:00,2026-01-28T02:04:54+00:00,,,1862-02-08_0_0_0_0_0_0_1_0_0_0_0_0_0_0_0_0_0_0_0_0_0.xml
,2887,/group/james-merrill-linn-bucknellian-war/january-25-1862,"January 25, 1862",en,88cae4da-cd54-459a-ab9e-f2f7196a0bc7,9,2026-03-15T18:53:37+00:00,2026-01-28T01:52:43+00:00,,,1862-01-25_0_0_0_0_0_1_0.xml
,2908,/group/james-merrill-linn-bucknellian-war/february-16-1862,"February 16, 1862",en,33c52595-b875-4428-b23d-9b0fe7559829,9,2026-03-04T18:46:38+00:00,2026-01-28T02:11:51+00:00,,,1862-02-16_0_0_0_0_0_0_0_0_0_0_0.xml
,2955,/group/james-merrill-linn-bucknellian-war/april-21-1862,"April 21, 1862",en,466f2654-1682-4b01-9198-e166ad80010b,9,2026-03-18T20:58:37+00:00,2026-01-28T02:54:05+00:00,,,1862-04-21_0_0_0_0_0_0_0_0_0_0.xml
,2916,/group/james-merrill-linn-bucknellian-war/february-24-1862,"February 24, 1862",en,d55850b0-a99a-4215-adf6-5c4c99876e5d,9,2026-03-04T19:20:11+00:00,2026-01-28T02:19:36+00:00,,,1862-02-24_0_0_0_0_0_0_0_0_0_0.xml
,2886,/group/james-merrill-linn-bucknellian-war/january-24-1862,"January 24, 1862",en,06c9d88f-048b-49b6-9a51-97dfe064450b,9,2026-03-15T18:51:34+00:00,2026-01-28T01:51:49+00:00,,,1862-01-24_1_0_0_0_0_0_0_0.xml
,2932,/group/james-merrill-linn-bucknellian-war/march-23-1862,"March 23, 1862",en,26005169-7bfd-4c20-9b1d-aada4d2d18fa,9,2026-03-18T00:11:48+00:00,2026-01-28T02:32:15+00:00,,,1862-03-23_0_0_0_0_0_0_0_0_0_0_0_0_0_0_0_0.xml
,2907,/group/james-merrill-linn-bucknellian-war/february-15-1862,"February 15, 1862",en,3233d3a4-5453-43bc-b8e8-7fc337eb21c2,9,2026-03-03T14:15:42+00:00,2026-01-28T02:11:00+00:00,,,1862-02-15_0_0_0_0_0_0_0_0.xml
,2865,/group/james-merrill-linn-bucknellian-war/december-29-1861,"December 29, 1861",en,14955abf-1672-4977-8551-c0ec2072d3cd,9,2026-03-02T16:36:57+00:00,2026-01-28T01:22:34+00:00,,,1861-12-29_0_0_0_0_0_0_0_0_0_0.xml
,2899,/group/james-merrill-linn-bucknellian-war/february-6-1862,"February 6, 1862",en,7cc027ef-ba46-46aa-a7d9-b56e09a99266,9,2026-03-04T16:30:58+00:00,2026-01-28T02:03:16+00:00,,,1862-02-06_0_0_0_0_0_0_0.xml
,2885,/group/james-merrill-linn-bucknellian-war/january-23-1862,"January 23, 1862",en,1920cb1a-ba3d-4105-b9be-fb056124e420,9,2026-03-15T18:50:57+00:00,2026-01-28T01:50:56+00:00,,,1862-01-23_0_0_0_0_0_0_0_0.xml
,2993,/group/james-merrill-linn-bucknellian-war/june-30-1862,"June 30, 1862",en,ce4fe802-497b-4832-a341-5f64e5a5b836,9,2026-03-12T18:41:45+00:00,2026-01-28T03:28:17+00:00,,,1862-06-30_0_0_0_0_0_0_0_0_0_0.xml
,2933,/group/james-merrill-linn-bucknellian-war/march-24-1862,"March 24, 1862",en,fc19f095-7f13-4e5f-bcc0-fcb2f202706d,9,2026-03-04T21:32:17+00:00,2026-01-28T02:33:12+00:00,,,1862-03-24_0_0_0_0_0_0_0_0_0_0_0_0_0.xml
,2954,/group/james-merrill-linn-bucknellian-war/april-19-1862,"April 19, 1862",en,20c6b4c6-c8ec-49f0-8a94-4a3e8adce81d,9,2026-03-04T22:06:09+00:00,2026-01-28T02:52:53+00:00,,,1862-04-19_0_0_0_0_0_0_0_0_0_0_0.xml
,2906,/group/james-merrill-linn-bucknellian-war/february-14-1862,"February 14, 1862",en,12552a06-606c-4753-9777-2fbb4740f9c9,9,2026-03-04T18:43:36+00:00,2026-01-28T02:09:56+00:00,,,1862-02-14_0_0_0_1_0_0_0_0_0_0_0.xml
,2892,/group/james-merrill-linn-bucknellian-war/january-30-1862,"January 30, 1862",en,719de13b-9767-4042-8a0d-2ad95cd0261f,9,2026-03-05T02:51:00+00:00,2026-01-28T01:57:16+00:00,,,1862-01-30_0_0_0_0_0_0.xml
,2884,/group/james-merrill-linn-bucknellian-war/january-22-1862,"January 22, 1862",en,48f43e73-f905-4d4e-a6b7-7ff01dd2480b,9,2026-03-18T14:44:31+00:00,2026-01-28T01:50:04+00:00,,,1862-01-22_0_0_0_0_0_0_0_0_0.xml
,2902,/group/james-merrill-linn-bucknellian-war/february-9-1862,"February 9, 1862",en,7d0f5378-1dd3-4fd9-b21c-fd40c9b348fe,9,2026-03-17T21:14:31+00:00,2026-01-28T02:05:41+00:00,,,1862-02-09_0_0_0_0_0_0_0_0_0_0_0_0_0_0_0.xml
,2891,/group/james-merrill-linn-bucknellian-war/january-29-1862,"January 29, 1862",en,6472af71-6142-442a-8a11-780d826479e9,9,2026-03-05T02:49:06+00:00,2026-01-28T01:56:20+00:00,,,1862-01-29_0_0_0_0_0_0.xml
,2867,/group/james-merrill-linn-bucknellian-war/december-31-1861,"December 31, 1861",en,f998ab94-6e24-4c95-bbfd-67451c27821d,9,2026-03-02T16:41:57+00:00,2026-01-28T01:25:06+00:00,,,1861-12-31_0_0_0_0_0_0_0_0_0_0_0_0.xml
,2883,/group/james-merrill-linn-bucknellian-war/january-21-1862,"January 21, 1862",en,673f2fab-9014-40ea-90d6-59ad03b4bb32,9,2026-03-15T18:41:25+00:00,2026-01-28T01:49:07+00:00,,,1862-01-21_0_0_0_0_0_0_0_0.xml
,2851,/group/james-merrill-linn-bucknellian-war/december-15-1861,"December 15, 1861",en,6a44e968-fe8d-486e-b17c-f58270d12ed8,9,2026-03-04T16:47:43+00:00,2026-01-28T01:02:57+00:00,,,1861-12-15_0_0_0_0_0_0_0_0_0_0_0_0_0.xml
,2866,/group/james-merrill-linn-bucknellian-war/december-30-1861,"December 30, 1861",en,f89e8ff4-7500-4f61-b415-2194e17f69d8,9,2026-03-17T14:17:22+00:00,2026-01-28T01:24:01+00:00,,,1861-12-30_0_0_0_0_0_0_0_0_0_0.xml
,2838,/group/james-merrill-linn-bucknellian-war/november-23-1861,"November 23, 1861",en,f76e2745-c988-46d1-83f4-2ffe3adb9245,9,2026-03-16T14:24:25+00:00,2026-01-28T00:43:08+00:00,,,1861-11-23_0_0_0_0_0_0_0_0_0_0.xml
,2914,/group/james-merrill-linn-bucknellian-war/february-22-1862,"February 22, 1862",en,8e5eb443-49a9-4ac8-a58e-a7beb3ad051e,9,2026-03-04T19:17:40+00:00,2026-01-28T02:17:52+00:00,,,1862-02-22_0_0_0_0_0_0_0_0_0_0_0.xml
,2835,/group/james-merrill-linn-bucknellian-war/november-22-1861,"November 22, 1861",en,d283b904-cf7d-4360-8cbe-168e80370362,9,2026-03-18T05:21:26+00:00,2026-01-26T15:17:11+00:00,,,1861-11-22_0_0_0_0_0_0_0_0_0_0_0_0_0_0_1_0_0.xml
,2918,/group/james-merrill-linn-bucknellian-war/february-26-1862,"February 26, 1862",en,281da625-41a3-466c-b54c-dfc2abd5ade5,9,2026-03-04T16:28:41+00:00,2026-01-28T02:21:20+00:00,,,1862-02-26_0_0_0_0_0_0_0_0_0_0_1_0.xml
,2847,/group/james-merrill-linn-bucknellian-war/december-11-1861,"December 11, 1861",en,5936d69a-ac7f-4d6f-9ab0-ea9c56c2db82,9,2026-03-13T14:39:42+00:00,2026-01-28T00:57:47+00:00,,,1861-12-11_0_1_0_0_0_0_0_0_0_0.xml
,2969,/group/james-merrill-linn-bucknellian-war/may-29-1862,"May 29, 1862",en,00f5d112-ee3e-41c0-872d-c25ddf6c020e,9,2026-03-02T02:04:29+00:00,2026-01-28T03:08:10+00:00,,,1862-05-29_0_0_0_0_0_0_0_0_0_0_0_1.xml
,2970,/group/james-merrill-linn-bucknellian-war/may-30-1862,"May 30, 1862",en,b84c12d1-8fee-41fd-92a5-4eef274f2ff0,9,2026-03-02T01:53:38+00:00,2026-01-28T03:09:03+00:00,,,1862-05-30_0_0_0_0_0_1_0_0.xml
,2986,/group/james-merrill-linn-bucknellian-war/june-23-1862,"June 23, 1862",en,2b9cdb32-8748-4033-8ca2-c7f397a2384e,9,2026-03-11T20:54:38+00:00,2026-01-28T03:22:27+00:00,,,1862-06-23_0_0_0_0_0.xml
,2985,/group/james-merrill-linn-bucknellian-war/june-22-1862,"June 22, 1862",en,a9806d5b-2020-4071-b759-16813ecb8b88,9,2026-03-11T21:21:10+00:00,2026-01-28T03:21:36+00:00,,,1862-06-22_0_0_0_0_0_0_0.xml
,2984,/group/james-merrill-linn-bucknellian-war/june-21-1862,"June 21, 1862",en,afeb1927-7e06-483a-adeb-329ca727bf63,9,2026-03-11T21:18:28+00:00,2026-01-28T03:20:46+00:00,,,1862-06-21_0_1_0_0_0_0.xml
,2983,/group/james-merrill-linn-bucknellian-war/june-13-1862,"June 13, 1862",en,efca6fcb-96f3-4a82-ba4c-a84025a1be5a,9,2026-03-02T16:17:29+00:00,2026-01-28T03:19:58+00:00,,,1862-06-13_0_0_0_0.xml
,2881,/group/james-merrill-linn-bucknellian-war/january-19-1862,"January 19, 1862",en,5e0d4d8c-d8f2-4dd9-b04f-e886bb6ed25a,9,2026-03-04T16:18:11+00:00,2026-01-28T01:47:02+00:00,,,1862-01-19_0_0_0_0_0_0_0.xml
,2880,/group/james-merrill-linn-bucknellian-war/january-18-1862,"January 18, 1862",en,0d30ad9e-02cc-4284-ae14-be7086eb7064,9,2026-03-04T16:16:34+00:00,2026-01-28T01:46:11+00:00,,,1862-01-18_0_0_0_0_0_0_0_0_0.xml
,2879,/group/james-merrill-linn-bucknellian-war/january-16-1862,"January 16, 1862",en,44f7b981-2dee-4835-a8f8-b815f7950727,9,2026-03-04T16:46:20+00:00,2026-01-28T01:45:17+00:00,,,1862-01-16_0_0_0_0_0_0_0_0_0_0_0_0.xml
,2982,/group/james-merrill-linn-bucknellian-war/june-12-1862,"June 12, 1862",en,be8026db-3ba3-47b3-819f-2388d7eb6694,9,2026-03-11T21:10:13+00:00,2026-01-28T03:19:08+00:00,,,1862-06-12_0_0_0_0_0_0_0_0_0.xml
,2981,/group/james-merrill-linn-bucknellian-war/june-11-1862,"June 11, 1862",en,b5515beb-ec3a-4d9a-8ab2-a3a8824a202d,9,2026-03-11T20:56:22+00:00,2026-01-28T03:18:23+00:00,,,1862-06-11_0_0_0_0_0_0_0.xml
,2980,/group/james-merrill-linn-bucknellian-war/june-10-1862,"June 10, 1862",en,aa2b0482-5cc6-40ee-b8bb-f60dca760c57,9,2026-03-02T00:09:53+00:00,2026-01-28T03:17:34+00:00,,,1862-06-10_0_0_0_0_0.xml
,2992,/group/james-merrill-linn-bucknellian-war/june-29-1862,"June 29, 1862",en,f788d79b-ee32-4b08-9439-94bd32aebfae,9,2026-03-12T18:31:26+00:00,2026-01-28T03:27:29+00:00,,,1862-06-29_0_0_0_1_0_0_0.xml
,2991,/group/james-merrill-linn-bucknellian-war/june-28-1862,"June 28, 1862",en,3a7ca687-8c38-40d7-9e2e-7c9814aad585,9,2026-03-20T13:18:47+00:00,2026-01-28T03:26:36+00:00,,,1862-06-28_0_0_0_0_0_0.xml
,2990,/group/james-merrill-linn-bucknellian-war/june-27-1862,"June 27, 1862",en,a2451797-162e-43ca-b473-c78a961f0dd4,9,2026-03-12T17:16:37+00:00,2026-01-28T03:25:50+00:00,,,1862-06-27_0_0_0_0_0_0.xml
,2989,/group/james-merrill-linn-bucknellian-war/june-26-1862,"June 26, 1862",en,f717d644-5f89-4fe8-8aa9-bca55098e0c5,9,2026-03-02T16:21:07+00:00,2026-01-28T03:25:04+00:00,,,1862-06-26_0_0_0_0.xml
,2988,/group/james-merrill-linn-bucknellian-war/june-25-1862,"June 25, 1862",en,431c738e-f864-454b-826b-bdff4b21cddd,9,2026-03-12T17:05:23+00:00,2026-01-28T03:24:15+00:00,,,1862-06-25_0_0_0_0_0_0_0.xml
,2877,/group/james-merrill-linn-bucknellian-war/january-14-1862,"January 14, 1862",en,77924f6c-04b3-430e-9675-ba56a1e4c9e2,9,2026-03-01T20:17:19+00:00,2026-01-28T01:43:19+00:00,,,1862-01-14_0_0_0_0_0_0.xml
,2876,/group/james-merrill-linn-bucknellian-war/january-13-1862,"January 13, 1862",en,4f11a558-a263-4ff5-9178-eea9730cc86a,9,2026-03-01T20:12:43+00:00,2026-01-28T01:42:21+00:00,,,1862-01-13_0_0_0_0_0_0.xml
,2875,/group/james-merrill-linn-bucknellian-war/january-12-1862,"January 12, 1862",en,887a1ce9-7242-42d4-86e0-500186aed2d0,9,2026-03-01T20:06:29+00:00,2026-01-28T01:40:07+00:00,,,1862-01-12_0_0_0_0_0_0.xml
,2873,/group/james-merrill-linn-bucknellian-war/january-10-1862,"January 10, 1862",en,bb23a3b5-587a-4018-ac37-23a86176cf1c,9,2026-03-02T14:10:58+00:00,2026-01-28T01:38:01+00:00,,,1862-01-10_0_0_0_0_0_0_0_1_0_0_0.xml
,2872,/group/james-merrill-linn-bucknellian-war/january-9-1862,"January 9, 1862",en,4f4a73ae-841d-4b9c-a674-64d739195285,9,2026-03-02T16:26:10+00:00,2026-01-28T01:37:04+00:00,,,1862-01-09_0_0_0_0_0_0_0_0_0_0_0.xml
,2898,/group/james-merrill-linn-bucknellian-war/february-5-1862,"February 5, 1862",en,f8285887-9643-4ca8-96ac-3b16948c5553,9,2026-03-04T16:47:58+00:00,2026-01-28T02:02:23+00:00,,,1862-02-05_0_0_0_0_0_0_0_0_1.xml
,2868,/group/james-merrill-linn-bucknellian-war/january-1-1862,"January 1, 1862",en,3dc26db3-7705-43b5-8bed-a08f8a913a79,9,2026-03-17T14:18:28+00:00,2026-01-28T01:26:14+00:00,,,1862-01-01_0_0_0_0_0_0_0_0_0_0_0_0_0_0.xml
,2864,/group/james-merrill-linn-bucknellian-war/december-28-1861,"December 28, 1861",en,ce3196dd-3b5c-406a-9d3e-2f0ffccf5070,9,2026-03-02T16:35:44+00:00,2026-01-28T01:21:00+00:00,,,1861-12-28_0_0_0_0_0_0_0_0_0_0_0_0.xml
,2862,/group/james-merrill-linn-bucknellian-war/december-26-1861,"December 26, 1861",en,5b8ada68-e446-4363-88a9-8c9ac96595bc,9,2026-03-17T14:19:32+00:00,2026-01-28T01:18:48+00:00,,,1861-12-26_0_0_0_0_0_0_0_0_0_0_0.xml
,2975,/group/james-merrill-linn-bucknellian-war/june-4-1862,"June 4, 1862",en,890453ff-ea8f-4202-a38f-79be3cb11f61,9,2026-03-02T02:09:31+00:00,2026-01-28T03:13:08+00:00,,,1862-06-04_0_0_0_0_0_0_0_0.xml
,2976,/group/james-merrill-linn-bucknellian-war/june-5-1862,"June 5, 1862",en,a8686dd4-2e1a-4539-8d3a-9a6553266c11,9,2026-03-02T02:11:40+00:00,2026-01-28T03:14:01+00:00,,,1862-06-05_0_0_0_0_0_1_0_0.xml
,2923,/group/james-merrill-linn-bucknellian-war/march-3-1862,"March 3, 1862",en,766c3fa1-863d-4912-96c8-dd547ca4d86b,9,2026-03-04T22:15:06+00:00,2026-01-28T02:25:14+00:00,,,1862-03-03_1_1_0_0_0_0_0_0_0_0_0_0_0_0_0_0.xml
,2994,/group/james-merrill-linn-bucknellian-war/march-12-1862,"March 12, 1862",en,c0039fde-7690-4e55-8e47-c38b8a3c76ba,9,2026-03-17T18:46:48+00:00,2026-01-29T18:53:07+00:00,,,1862-03-12_0_0_0_0_0_0_0_0_0_0_0.xml
,2971,/group/james-merrill-linn-bucknellian-war/may-31-1862,"May 31, 1862",en,9abd9356-9eb2-4b8e-be45-ff86122f0554,9,2026-03-19T16:59:43+00:00,2026-01-28T03:09:59+00:00,,,1862-05-31_1_0_0_0_0_0_0_0_0_0_0_1_0_0.xml
,2931,/group/james-merrill-linn-bucknellian-war/march-11-1862,"March 11, 1862",en,79a752fc-c025-4167-9b2f-988f7ca5a28c,9,2026-03-17T18:45:12+00:00,2026-01-28T02:31:27+00:00,,,1862-03-11_0_0_0_0_0_0_0_0_0_0_0_0_0_0.xml
,2922,/group/james-merrill-linn-bucknellian-war/march-2-1862,"March 2, 1862",en,87783618-5f31-4b30-9465-1d52d5eb7dd7,9,2026-03-04T22:14:09+00:00,2026-01-28T02:24:25+00:00,,,1862-03-02_0_0_0_0_0_0_0_0_0_0_0.xml
,2878,/group/james-merrill-linn-bucknellian-war/january-15-1862,"January 15, 1862",en,431b4088-0678-49fc-8363-81a63a283cc1,9,2026-03-04T16:46:34+00:00,2026-01-28T01:44:21+00:00,,,1862-01-15_0_0_0_0_0_0_0_0_0_0_0_0_0_0_0_0_0.xml
,2929,/group/james-merrill-linn-bucknellian-war/march-9-1862,"March 9, 1862",en,9788c9a7-a921-49b4-b144-c7a782b6812a,9,2026-03-17T18:41:01+00:00,2026-01-28T02:29:42+00:00,,,1862-03-09_0_0_0_0_0_0_0_0_0_0_0_0_0.xml
,2927,/group/james-merrill-linn-bucknellian-war/march-7-1862,"March 7, 1862",en,fb6ab16a-17fb-4c97-9011-435bdf2d7714,9,2026-03-04T16:09:03+00:00,2026-01-28T02:28:22+00:00,,,1862-03-07_0_0_0_0_0_0_0_0_0.xml
,2926,/group/james-merrill-linn-bucknellian-war/march-6-1862,"March 6, 1862",en,cd58fe7a-a219-4526-9bf3-dd14e4cfb40c,9,2026-03-04T16:08:06+00:00,2026-01-28T02:27:33+00:00,,,1862-03-06_0_0_0_0_0_0_0_0_0_0.xml
,2928,/group/james-merrill-linn-bucknellian-war/march-8-1862,"March 8, 1862",en,52f5114a-a175-43aa-8c69-a3372a9b74ad,9,2026-03-05T02:23:59+00:00,2026-01-28T02:28:51+00:00,,,1862-03-08_0_0_0_0_0_0_0_0_0_0_0_0_0_0_0_0_0_0_0.xml
,2861,/group/james-merrill-linn-bucknellian-war/december-25-1861,"December 25, 1861",en,26961239-78f7-490a-9159-970b55efc8ca,9,2026-03-02T16:20:35+00:00,2026-01-28T01:17:49+00:00,,,1861-12-25_0_0_0_0_0_0_0_0_0_0_0.xml
,2842,/group/james-merrill-linn-bucknellian-war/december-5-1861,"December 5, 1861",en,06a794f3-09e9-44a0-86ca-dd6fe2179edf,9,2026-03-16T14:28:07+00:00,2026-01-28T00:49:10+00:00,,,1861-12-05_0_0_0_0_0_0_0_0_0_0_1_0.xml
,2858,/group/james-merrill-linn-bucknellian-war/december-22-1861,"December 22, 1861",en,9c7a0274-e004-4172-a156-964e0b383ffc,9,2026-03-08T18:14:03+00:00,2026-01-28T01:12:57+00:00,,,1861-12-22_0_0_0_0_0_0.xml
,2850,/group/james-merrill-linn-bucknellian-war/december-14-1861,"December 14, 1861",en,a565d7e8-858f-4f72-bcf8-1421e6745de2,9,2026-03-18T05:31:02+00:00,2026-01-28T01:01:41+00:00,,,1861-12-14_0_0_0_0_0_0_0_0_1_0_0_0.xml
,2849,/group/james-merrill-linn-bucknellian-war/december-13-1861,"December 13, 1861",en,d34d1644-b4ee-4b45-b1c0-2a5657126cbc,9,2026-03-12T04:20:02+00:00,2026-01-28T01:00:27+00:00,,,1861-12-13_0_0_0_0_0_0_0_0_1.xml
,2848,/group/james-merrill-linn-bucknellian-war/december-12-1861,"December 12, 1861",en,edcbe64f-2454-442a-8ab4-e3b4f98bcf60,9,2026-03-13T15:24:55+00:00,2026-01-28T00:59:10+00:00,,,1861-12-12_0_0_0_0_0_0_0_0_0_0_0.xml
,2846,/group/james-merrill-linn-bucknellian-war/december-10-1861,"December 10, 1861",en,657cd00b-597e-4da7-a8e3-b2968e53808d,9,2026-03-12T04:08:03+00:00,2026-01-28T00:56:02+00:00,,,1861-12-10_0_0_0_0_1_0_0_0_0_1.xml
,2845,/group/james-merrill-linn-bucknellian-war/december-8-1861,"December 8, 1861",en,ed43606a-9b52-4b71-9308-3e9f561d3ae6,9,2026-03-13T14:33:12+00:00,2026-01-28T00:54:31+00:00,,,
,2844,/group/james-merrill-linn-bucknellian-war/december-7-1861,"December 7, 1861",en,be64cd2c-c90d-4b25-ad22-a5c6f3d3bf71,9,2026-03-16T14:46:27+00:00,2026-01-28T00:52:26+00:00,,,1861-12-07_0_0_0_0_0_0_0_0_0_1_0_0.xml
,2843,/group/james-merrill-linn-bucknellian-war/december-6-1861,"December 6, 1861",en,36c81e22-d339-45f2-bfdd-47ec9fd50f74,9,2026-03-16T14:28:51+00:00,2026-01-28T00:51:11+00:00,,,1861-12-06_0_0_0_0_0_0_0_0_0_0.xml
,2841,/group/james-merrill-linn-bucknellian-war/december-4-1861,"December 4, 1861",en,a2b6f804-1eee-441b-ad0b-19ca900789e2,9,2026-03-16T14:27:20+00:00,2026-01-28T00:47:20+00:00,,,1861-12-04_0_0_0_0_0_0_0_0_0_0_0.xml
,2840,/group/james-merrill-linn-bucknellian-war/december-3-1861,"December 3, 1861",en,e3cc934e-e0b1-4a9a-9c3f-18ef39f8a490,9,2026-03-16T14:26:31+00:00,2026-01-28T00:46:01+00:00,,,1861-12-03_0_0_0_0_0_0_0_0_0_0_1.xml
,2839,/group/james-merrill-linn-bucknellian-war/november-24-1861,"November 24, 1861",en,c554d14d-4272-45e9-849f-acf9baa41808,9,2026-03-18T05:25:11+00:00,2026-01-28T00:44:37+00:00,,,1861-11-24_0_0_0_0_0_0_0_0_3_0_0_0.xml
,2930,/group/james-merrill-linn-bucknellian-war/march-10-1862,"March 10, 1862",en,57a3fe42-2a84-4d07-af01-c86002ad2a72,9,2026-03-17T18:42:42+00:00,2026-01-28T02:30:33+00:00,,,1862-03-10_1_0_0_0_0_0_0_0_0_0.xml
,2925,/group/james-merrill-linn-bucknellian-war/march-5-1862,"March 5, 1862",en,464904ab-8755-4b86-9359-d9bb93b41f8b,9,2026-03-22T21:54:39+00:00,2026-01-28T02:26:46+00:00,,,1862-03-05_0_0_0_0_0_0_0_0_0_0_0_0_0_0_0_0_0_0_0_0.xml
,2973,/group/james-merrill-linn-bucknellian-war/june-2-1862,"June 2, 1862",en,eee483af-fe39-4587-8a54-8ab99968c9e9,9,2026-02-27T16:46:53+00:00,2026-01-28T03:11:28+00:00,,,1862-06-02_0_0_0_0_0_0_0.xml
,2972,/group/james-merrill-linn-bucknellian-war/june-1-1862,"June 1, 1862",en,2b4e4640-32b7-4076-8387-dda7b4bb0e5d,9,2026-03-02T01:36:12+00:00,2026-01-28T03:10:44+00:00,,,1862-06-01_0_0_0_0_0_0_0_0.xml
,2863,/group/james-merrill-linn-bucknellian-war/december-27-1861,"December 27, 1861",en,5e12c10a-7e80-4d52-b4f6-4ce8c6d65104,9,2026-03-02T16:32:06+00:00,2026-01-28T01:20:01+00:00,,,1861-12-27_0_0_0_0_0_0_0_0_0_0_0.xml
,2860,/group/james-merrill-linn-bucknellian-war/december-24-1861,"December 24, 1861",en,2d8fbc71-17bf-4a5e-b250-e6eddb20a829,9,2026-03-02T16:18:42+00:00,2026-01-28T01:16:39+00:00,,,1861-12-24_0_0_0_0_0_0_0_0_0_0_0.xml
,2859,/group/james-merrill-linn-bucknellian-war/december-23-1861,"December 23, 1861",en,ea96cb7c-574b-4e85-96cf-0d4bc7aba0d9,9,2026-03-17T14:20:34+00:00,2026-01-28T01:14:21+00:00,,,1861-12-23_0_0_0_0_0_0_0_0_0_0_0_1_0_3_3_0_0_0_0_0_0.xml
,2924,/group/james-merrill-linn-bucknellian-war/march-4-1862,"March 4, 1862",en,fa91ea75-9d5a-4544-b8f6-cac464ed9e37,9,2026-03-04T22:15:46+00:00,2026-01-28T02:26:00+00:00,,,1862-03-04_0_0_0_0_0_0_0_0_3_0_0.xml
,2959,/group/james-merrill-linn-bucknellian-war/may-16-1862,"May 16, 1862",en,ffe1d6b0-a272-41b7-9f3b-bf99336d7f90,9,2026-03-13T18:31:46+00:00,2026-01-28T02:57:54+00:00,,,1862-05-16_0_0_0_0_0.xml
,2949,/group/james-merrill-linn-bucknellian-war/april-13-1862,"April 13, 1862",en,717de4db-b75f-4551-98d9-593d72a5956f,9,2026-03-06T18:51:40+00:00,2026-01-28T02:47:37+00:00,,,1862-04-13_0_0_0_0_0_0_0_1_0_0_1_0_0.xml
,2965,/group/james-merrill-linn-bucknellian-war/may-24-1862,"May 24, 1862",en,51f36151-7b1c-4735-997a-3ba78bedde1a,9,2026-03-13T18:37:10+00:00,2026-01-28T03:04:02+00:00,,,1862-05-24_0_0_0_0.xml
,2960,/group/james-merrill-linn-bucknellian-war/may-17-1862,"May 17, 1862",en,63c03fee-9e7b-4b08-936e-17bccce5f81f,9,2026-03-13T18:30:03+00:00,2026-01-28T02:58:41+00:00,,,1862-05-17_0_0_0_0.xml
,2934,/group/james-merrill-linn-bucknellian-war/march-25-1862,"March 25, 1862",en,1cf0b41e-8e82-4e79-a62a-4238ae37256b,9,2026-03-18T00:13:10+00:00,2026-01-28T02:34:01+00:00,,,1862-03-25_0_0_0_0_0_0_0_0.xml
,2950,/group/james-merrill-linn-bucknellian-war/april-14-1862,"April 14, 1862",en,f580305f-90c4-47cd-a35c-4884f9d1ff89,9,2026-03-06T18:52:59+00:00,2026-01-28T02:48:32+00:00,,,1862-04-14_0_0_0_0_0.xml
,2966,/group/james-merrill-linn-bucknellian-war/may-26-1862,"May 26, 1862",en,ddc8ac2f-5e0e-40f0-b6ee-b6703f432500,9,2026-03-13T17:29:03+00:00,2026-01-28T03:05:42+00:00,,,1862-05-26_0_0_0_0_0.xml
,2961,/group/james-merrill-linn-bucknellian-war/may-18-1862,"May 18, 1862",en,84c1a550-58dd-4565-8671-583aa6291586,9,2026-03-13T18:25:00+00:00,2026-01-28T02:59:39+00:00,,,1862-05-18_0_0_0_0.xml
,2956,/group/james-merrill-linn-bucknellian-war/may-10-1862,"May 10, 1862",en,f28d7591-e935-4da1-a871-bc74793e3f85,9,2026-03-13T17:07:09+00:00,2026-01-28T02:54:58+00:00,,,1862-05-10_0_0_0.xml
,2903,/group/james-merrill-linn-bucknellian-war/february-10-1862,"February 10, 1862",en,6617cd9a-6b3b-4eb1-9bc4-0944e73ef836,9,2026-03-04T19:55:55+00:00,2026-01-28T02:06:41+00:00,,,1862-02-10_0_0_0_0_0_0_0_0_0_0_0_0.xml
,2951,/group/james-merrill-linn-bucknellian-war/april-15-1862,"April 15, 1862",en,231609b1-91fe-4fc5-ae07-8ae81bea66c4,9,2026-03-04T16:24:18+00:00,2026-01-28T02:49:32+00:00,,,1862-05-15_1_0_0_0_0_0_0_0_0_0.xml
,2967,/group/james-merrill-linn-bucknellian-war/may-27-1862,"May 27, 1862",en,4bc4da1a-3fcf-4f8e-8944-22f9f5985fb2,9,2026-03-13T17:18:16+00:00,2026-01-28T03:06:28+00:00,,,1862-05-27_0_0_0_0_0.xml
,2962,/group/james-merrill-linn-bucknellian-war/may-19-1862,"May 19, 1862",en,4a45a0d1-b5df-4285-a432-ba8005e182ca,9,2026-03-13T18:20:25+00:00,2026-01-28T03:00:36+00:00,,,1862-05-19_0_0_0.xml
,2957,/group/james-merrill-linn-bucknellian-war/may-14-1862,"May 14, 1862",en,111ca115-a0ff-42e6-bf1a-e33c4921cac6,9,2026-03-13T16:48:13+00:00,2026-01-28T02:56:10+00:00,,,1862-05-14_0_0_0.xml
,2952,/group/james-merrill-linn-bucknellian-war/april-17-1862,"April 17, 1862",en,90ec03c7-aeb7-4cbf-a80a-8cb472ed3fe3,9,2026-03-06T18:42:10+00:00,2026-01-28T02:50:28+00:00,,,1862-04-17_0_0_0_1_0_0_0.xml
,2968,/group/james-merrill-linn-bucknellian-war/may-28-1862,"May 28, 1862",en,1933e6ff-5b5b-415a-b50d-fcfc750c3189,9,2026-03-13T16:50:14+00:00,2026-01-28T03:07:23+00:00,,,1862-05-28_0_0_0.xml
,2947,/group/james-merrill-linn-bucknellian-war/april-8-1862,"April 8, 1862",en,39be2add-341f-4c80-ab5e-c0b39e473c19,9,2026-03-02T16:34:31+00:00,2026-01-28T02:45:55+00:00,,,1862-04-08_0_0_0_0_0_0_0_0_0.xml
,2963,/group/james-merrill-linn-bucknellian-war/may-21-1862,"May 21, 1862",en,9a231e9c-19f9-4228-8ea3-a5e13ef89678,9,2026-03-13T18:17:51+00:00,2026-01-28T03:01:29+00:00,,,1862-05-21_0_0_0_0_0.xml
,2958,/group/james-merrill-linn-bucknellian-war/may-15-1862,"May 15, 1862",en,fc6e2ca9-834c-4e55-8699-8e3d86d46d49,9,2026-03-13T17:22:21+00:00,2026-01-28T02:57:03+00:00,,,1862-05-15_0_0_0_0.xml
,2948,/group/james-merrill-linn-bucknellian-war/april-9-1862,"April 9, 1862",en,d8687a7f-d7bc-4aa3-8a7b-25f2833897f5,9,2026-03-02T16:41:13+00:00,2026-01-28T02:46:48+00:00,,,1862-04-09_0_0_0_0_0_0_0.xml
,2966,/group/james-merrill-linn-bucknellian-war/may-26-1862,"May 26, 1862",en,ddc8ac2f-5e0e-40f0-b6ee-b6703f432500,9,2026-03-13T17:29:03+00:00,2026-01-28T03:05:42+00:00,,,1862-05-26_0_0_0_0_1.xml
,2874,/group/james-merrill-linn-bucknellian-war/january-11-1862,"January 11, 1862",en,0d73a313-cde8-4fb6-85eb-9a105a874722,9,2026-03-01T20:04:28+00:00,2026-01-28T01:39:08+00:00,,,1862-01-11_0_0_0_0_1_0.xml
,2854,/group/james-merrill-linn-bucknellian-war/december-18-1861,"December 18, 1861",en,51e9d5eb-f7e5-479b-a68a-2cd66947ec2f,9,2026-03-08T17:58:45+00:00,2026-01-28T01:06:22+00:00,,,1861-12-18_0_0_0_0_0_0_0_0_0_0_0_0.xml
,2869,/group/james-merrill-linn-bucknellian-war/january-6-1862,"January 6, 1862",en,28fb8231-7b75-4886-ab3f-b33e939d0baf,9,2026-03-17T14:16:09+00:00,2026-01-28T01:28:15+00:00,,,1862-01-06_0_0_0_0_0_0_0_0_0_0_0_0_0_0_0.xml
,2857,/group/james-merrill-linn-bucknellian-war/december-21-1861,"December 21, 1861",en,43b96b1b-50f8-48c7-b857-848564481739,9,2026-03-08T18:11:21+00:00,2026-01-28T01:11:45+00:00,,,1861-12-21_0_0_0_0_0_0_0.xml
,2856,/group/james-merrill-linn-bucknellian-war/december-20-1861,"December 20, 1861",en,3449a939-2337-4cbd-ae53-ad6761f91b04,9,2026-03-08T18:06:27+00:00,2026-01-28T01:09:58+00:00,,,1861-12-20_0_0_0_0_0_0_0_0.xml
,2855,/group/james-merrill-linn-bucknellian-war/december-19-1861,"December 19, 1861",en,1e9485c7-6e92-4ebf-b663-afdda40d1bbc,9,2026-03-08T18:02:55+00:00,2026-01-28T01:07:28+00:00,,,1861-12-19_0_0_0_0_0_0_0_0.xml
,2853,/group/james-merrill-linn-bucknellian-war/december-17-1861,"December 17, 1861",en,fcaf0dab-ceee-4046-87dd-5e3cb57812d6,9,2026-03-08T17:50:28+00:00,2026-01-28T01:05:19+00:00,,,1861-12-17_0_0_0_0_0_0_0_0.xml
